Suggestion0,Suggestion1,Suggestion2,Suggestion3,Suggestion4
تهران,کلاله,اصفهان,مشهد,شیراز
نهاوند,تهران,اصفهان,مشهد,شیراز
ساوه,تفرش,تهران,قم,اصفهان
یاسوج,میاندوآب,میانه,شهریار,رویان
بندر انزلی,عسلویه,بندر ترکمن,تهران,اصفهان
فومن,رشت,تهران,اصفهان,مشهد
گناوه,بندر گناوه,اندیمشک,اصفهان,تهران
کازرون,شیراز,تهران,اصفهان,مشهد
محمودآباد,محلات,قم,خمین,تهران
گنبد کاووس,گرگان,تبریز,تهران,اصفهان
تبریز,عنبران,بناب,تهران,اصفهان
ارومیه,تهران,تبریز,کرج,اصفهان
فولادشهر,اصفهان,تهران,مشهد,شیراز
کاشان,تهران,اصفهان,آمل,زنجان
اندیمشک,اهواز,تهران,خرم آباد,اصفهان
کرمانشاه,کرج,تهران,رودسر,تبریز
جم,عسلویه,قم,تهران,اصفهان
ایلام,تهران - پایانه جنوب,مهران,کرمانشاه,اصفهان
میبد,نائین,تهران,اصفهان,مشهد
رشت,رودسر,تهران,کرج,مشهد
بیجار,خشکبیجار,زنجان,سقز,تهران
چابهار,سیرجان,اصفهان,تهران,مشهد
تهران,تبریز,تنکابن,تربت حیدریه,تفرش
قائم شهر,قائن,قایمیه,قاینات,ساری
آبادان,آمل,آباده,آستارا,آذرشهر
بهبهان,شیراز,اهواز,تهران,اصفهان
اراک,تهران,داراب,آستارا,گچساران
سیرجان,قائم شهر,کرمان,عسلویه,بندرعباس
پایانه مرزی مهران,پایانه صفه,پایانه فدک,پایانه غرب,پایانه بیهقی
بم,ایرانشهر,کرمان,تهران,اصفهان
کاشان,کازرون,کاشمر,کامیاران,تنکابن
بوشهر,بندرعباس,شیراز,شهرکرد,اصفهان
میانه,میاندوآب,کامیاران,بویین ومیاندشت,مهاباد
سمنان,تهران,کرمانشاه,اصفهان,مشهد
زرین شهر,فسا,اصفهان,داراب,تهران
تهران,اندیمشک,اصفهان,بندر انزلی,انار
اردبیل,تهران,رشت,تبریز,ارومیه
زنجان,زاهدان,زابل,زرین شهر,زواره
ساری,سمنان,سیرجان,سنندج,سبزوار
رودسر,رشت,رامسر,تهران,اصفهان
طبس,طوالش,زنجان,سمنان,چالوس
یاسوج,بوشهر,نهاوند,یزد,شیراز
شیراز,شیروان,شیرگاه,اصفهان,تهران
دهدشت,عسلویه,بهبهان,تهران,اصفهان
سمنان,تهران,اصفهان,مشهد,شیراز
میانه,تبریز,سرچم,زنجان,تهران
بندرعباس,مشهد,اصفهان,تهران,بندر گناوه
ارومیه,تهران,کرج,اصفهان,مشهد
دامغان,کاشان,تهران,اصفهان,مشهد
ملایر,تهران,همدان,کرمانشاه,قم
نجف آباد,نجف (عراق),زنجان,رفسنجان,خنج
شهرکرد,شهرضا,شهربابک,شهریار,شهر قدس
طبس,سمنان,تهران,اصفهان,مشهد
اردبیل,رشت,سایر,تهران,اصفهان
کرج,کرمان,کرمانشاه,کاشان,کازرون
بندرعباس,تهران,تبریز,اصفهان,مشهد
بیرجند,بیرم,مشهد,اردبیل,اصفهان
دامغان,تهران,سمنان,کاشان,کرمانشاه
خرم آباد,خرمشهر,تهران,اهواز,ساری
کاشان,کاشمر,اصفهان,تهران,آمل
ملایر,همدان,تهران,تکاب,کرمانشاه
پایانه بیهقی,تهران,اصفهان,مشهد,شیراز
عسلویه,عسلويه,شیراز,بندرعباس,تهران
فردوس,تهران - پایانه جنوب,اصفهان,مشهد,شیراز
گنبد کاووس,پایانه کاوه,اصفهان - پایانه کاوه,تهران,خرم آباد
اندیمشک,اندیشه,اهواز,تهران,خرم آباد
جهرم,جیرفت,جم,جاسک,جاجرم
قزوین,همدان,تهران,کرج,رامسر
دهدشت,دهلران,دهق,آباده,نقده
میبد,میاندوآب,مینودشت,میانه,میناب
زنجان,ازنا,رزن,مرزن آباد,تهران
کازرون,شیراز,تهران,اصفهان,مشهد
خوانسار,خواف,اصفهان,قم,تهران
شیراز,شیروان,شیرگاه,اصفهان,تهران
بابلسر,علی آباد بابلسر,بابل,تهران,قم
کنگان,کنگاور,بندر کنگان,تهران,اصفهان
آبادان,آباده,گناباد,مهاباد,بابا میدان
ساری,بابل,گرگان,اصفهان,محمودآباد
شهرکرد,مهران,اصفهان,سیرجان,اهواز
بیرجند,بندرعباس,مشهد,تهران,اصفهان
بوشهر,بندرعباس,شیراز,کنگان,شهرکرد
لامرد,ایلام,اسلام آباد غرب,اسلامشهر,تهران
رفسنجان,کرمان,اصفهان,تهران,مشهد
سنندج,سقز,تهران,اصفهان,مشهد
سمنان,تهران,اصفهان,مشهد,شیراز
ایرانشهر,تهران,اصفهان,مشهد,شیراز
شاهرود,شاهین شهر,شاهین دژ,کرمانشاه,اصفهان
شوش,شوشتر,اهواز,تهران,اصفهان
کرمانشاه,کرج,تهران,رودسر,تبریز
رودسر,رودبار,رودان,شاهرود,فرودگاه امام خمینی
مهاباد,مهران,پایانه مرزی مهران,رامهرمز,کرمانشاه
فارسان,دلفان,نورآباد (فارس),جلفا,شهرکرد
یزد,تهران,اصفهان,فولادشهر,ابرکوه
صومعه سرا,صحنه,اصفهان,تکاب,رشت
جیرفت,حاجی آباد قائن,حاجی آباد,بندرعباس,تهران
مشهد,ماهشهر,ملایر,مهاباد,میبد
ایرانشهر,تهران,اصفهان,مشهد,شیراز
زابل,اصفهان,زاهدان,تهران,مشهد
تهران,کنارتخته,بهبهان,اصفهان,مشهد
دزفول,کرمانشاه,اندیمشک,تهران,اصفهان
خمین,خمینی شهر,فرودگاه امام خمینی,الیگودرز,اصفهان
رشت,رامسر,رفسنجان,رودسر,رویان
فرودگاه امام خمینی,تهران,قم,اصفهان,مشهد
قائم شهر,قائن,حاجی آباد قائن,ساری,گرگان
لاهیجان,لامرد,لار,ایلام,ملایر
اردکان,نائین,اصفهان,تهران,مشهد
چابهار,سیرجان,اصفهان,تهران,مشهد
آبادان,آباده,گناباد,مهاباد,شیراز
شهرضا,تهران,شیراز,اصفهان,مشهد
همدان,تهران,ملایر,بابل,بوشهر
سبزوار,گرگان,سیرجان,نیشابور,تهران
نوشهر,چالوس,ساری,رویان,تهران
مهران,پایانه مرزی مهران,کرمانشاه,ایلام,تهران
میبد,تهران,اصفهان,مشهد,شیراز
همدان,هشتپر,هادیشهر,هشتگرد,تهران
کرج,کرمان,کرمانشاه,کاشان,کازرون
تبریز,تهران,تکاب,همدان,شاهین دژ
البرز,تهران,کرج,اصفهان,مشهد
امیدیه,کامیاران,اهواز - همه پایانه‌ها,بهشهر,ماهشهر
اصفهان,تهران - پایانه جنوب,رشت,شاهرود,مشهد
دزفول,اندیمشک,کرمانشاه,تهران,اصفهان
نائین,سمنان,گناباد,گناوه,ازنا
دیلم,دیواندره,بندر دیر,اندیمشک,امیدیه
اقلید,اصفهان,آباده,تهران,مشهد
ابهر,تهران,اصفهان,مشهد,شیراز
تویسرکان,باتومی (گرجستان),همدان,رشت,تهران
تهران,آمل,اصفهان,رشت,تبریز
بروجرد,بروجن,اهواز,الیگودرز,شهرکرد
دورود,خرم آباد,تهران,اصفهان,مشهد
تهران,اصفهان,مشهد,شیراز,یزد
نی‌ریز,نیشابور,نیک شهر,نیر,فرودگاه امام خمینی
پارس آباد,پارسیان,پیرانشهر,پاوه,پلدختر
بندر انزلی,رشت,بندر ترکمن,تهران,اصفهان
میانه,میاندوآب,بویین ومیاندشت,سرچم,تبریز
سلماس,سلمان شهر,سلطان آباد,عسلویه,عسلويه
دورود,خرم آباد,تهران,اصفهان,مشهد
بندرعباس,بوشهر,بابل,بروجرد,بیرجند
بهبهان,اهواز,شیراز,تهران,اصفهان
سبزوار,گرگان,نیشابور,تهران,اصفهان
سنندج,سقز,تهران,اصفهان,مشهد
قائم شهر,تهران,اصفهان,مشهد,شیراز
مشهد,تهران,اصفهان,قم,کرج
اهواز - همه پایانه‌ها,اصفهان,شیراز,بهبهان,مشهد
دامغان,داراب,همدان,زاهدان,آبادان
شاهرود,شاهین شهر,شاهین دژ,شاندرمن,کرمانشاه
تهران,تبریز,اصفهان,بندرعباس,کرج
نقده,سنقر,تهران,پیرانشهر,قوچان
بابل,بابلسر,بانه,بافت,بندرعباس
فیروزکوه,آستانه اشرفیه,پل سفید,فردوس,شیراز
نوشهر,نجف آباد,نور,نهاوند,نیشابور
ساری,بابل,گرگان,اصفهان,بابلسر
گرگان,اصفهان,بهبهان,ایرانشهر,زاهدان
بوکان,بانه,سقز,تهران,ارومیه
تایباد,تاکستان,آستارا,استانبول (ترکیه),دشتستان
کوهدشت,ابرکوه,سوادکوه,فیروزکوه,کرمان
مشهد,مشگین شهر,تهران,اندیمشک,خرمشهر
بندرعباس,مشهد,اصفهان,بندر گناوه,تهران
آمل,ساری,املش,رشت,گرگان
کلاچای,کلاله,کلاردشت,سیاهکلا,رودسر
لنگرود,رشت,تهران,اصفهان,مشهد
دیلم,آبادان,اهواز,شهرکرد,اندیمشک
گناباد,تهران,اصفهان,مشهد,شیراز
اهواز,اراک,ارومیه,کاشان,اردبیل
بجنورد,بجستان,مشهد,آبادان,اصفهان
شبستر,شیراز,تهران,اصفهان,مشهد
سراوان,سرایان,سراب,صومعه سرا,زاهدان
داراب,شیراز,اصفهان,تهران,مشهد
لنگرود,لنجان,بندر لنگه,بندر انزلی,لاهیجان
شیراز,شهرکرد,شاهرود,شاهین شهر,شهرضا
ماهشهر,اهواز,آبادان,همدان,کرج
کرج,کرمان,کرمانشاه,کاشان,کازرون
قزوین,تهران,همدان,اصفهان,کرج
تهران,آمل,یزد,اصفهان,رشت
تنکابن,تهران,سایر,ساری,رامسر
کلاله,تهران,کلاچای,اصفهان,مشهد
عسلویه,عسلويه,شیراز,بندرعباس,اصفهان
تهران,اصفهان,آمل,رشت,تبریز
رشت,پارس آباد,پارسیان,نورآباد (لرستان),فارسان
ماکو,ارومیه,تهران,اصفهان,مشهد
خوانسار,کرج,قم,تهران,اصفهان
یزد,یاسوج,تهران,اصفهان,شیراز
بندرعباس,بندر انزلی,بندر لنگه,بندر کنگان,بندر گناوه
محلات,قم,تهران,اراک,خمین
شوشتر,شوش,شوط,اهواز,تهران
بندرعباس,مشهد,اصفهان,بندر گناوه,جیرفت
محمودآباد,ساری,تهران,اصفهان,مشهد
آبادان,شیراز,تهران,اصفهان,مشهد
بندرعباس,تبریز,تهران,اصفهان,مشهد
ری,تبریز,ساری,تربت حیدریه,نی‌ریز
عسلویه,عسلويه,شیراز,بندرعباس,تهران
همدان,تهران,ملایر,بوشهر,شیراز
قائم شهر,ساری,گرگان,آمل,تهران
آستارا,آستانه اشرفیه,تهران,رشت,لاهیجان
بهبهان,شیراز,اهواز,تهران,اصفهان
مهاباد,تبریز,تهران,اصفهان,مشهد
هشتپر,هشتگرد,ماهشهر,بهشهر,دره‌شهر
ماهشهر,اهواز,آبادان,کرج,تهران
دورود,فردوس,میاندوآب,فریدون شهر,فریدون کنار
مراغه,میاندوآب,تهران,اصفهان,مشهد
بروجرد,بروجن,برداسکن,تبریز,برازجان
همدان,تهران,ملایر,بوشهر,شیراز
حاجی آباد قائن,حاجی آباد,خرمشهر,خلخال,رشت
سقز,کرج,همدان,تهران,اصفهان
ساری,بابل,گرگان,اصفهان,محمودآباد
کرج,کرمان,کرمانشاه,تهران,شهرکرد
گرگان,مشهد,تهران,اصفهان,شیراز
خرم آباد,خرمشهر,تهران,اهواز,ساری
بابل,بابلسر,بابا میدان,شهربابک,ساری
کرج,کرمان,کرمانشاه,تهران,شهرکرد
خوی,تبریز,ارومیه,تهران,اصفهان
بهشهر,ساری,تهران,اصفهان,مشهد
اوز,گنبد کاووس,نهاوند,گناوه,ساوه
عسلویه,عسلويه,شیراز,اهواز,بندرعباس
ایرانشهر,ایروان (ارمنستان),ملایر,سایر,کرمان
ساری,ساوه,سایر,ساوجبلاغ,خوانسار
پایانه مرزی مهران,پایانه صفه,پایانه فدک,پایانه غرب,پایانه بیهقی
املش,آمل,گرگان,تهران,اصفهان
اهواز,تهران,اراک,اصفهان,شیراز
عسلویه,عسلويه,عباس آباد,عنبران,عنبرآباد
ساری,گرگان,کرج,بندرعباس,تهران
چابهار,چالوس,کلاچای,قوچان,اصفهان
شاهین شهر,شاهین دژ,اصفهان,بهبهان,تهران
کرمان,کرمانشاه,همدان,شیراز,ایلام
بهبهان,بهشهر,چابهار,ابهر,چذابه
قشم,بندرعباس,پارسیان,شیراز,تبریز
لار,کلاردشت,تهران,اهواز - همه پایانه‌ها,خنج
چالوس,ساری,رشت,تهران,اصفهان
شاهرود,سمنان,تهران,کاشان,دامغان
بندرعباس,بندر گناوه,مشهد,جیرفت,اصفهان
اراک,ارومیه,اردبیل,اردکان,تهران
اقلید,نجف (عراق),اربیل (عراق),اصفهان,آباده
فسا,رفسنجان,شیراز,عسلويه,تهران
ایذه,تهران,اصفهان,مشهد,شیراز
فولادشهر,دزفول,اصفهان,تهران,مشهد
خمین,خمینی شهر,فرودگاه امام خمینی,الیگودرز,اصفهان
کازرون,شیراز,تهران,اصفهان,مشهد
گنبد کاووس,گناباد,گناوه,گرگان,قلعه گنج
زنجان,تهران,رشت,تبریز,اهواز
ایرانشهر,تهران,اصفهان,مشهد,شیراز
بروجرد,تهران,شیراز,اهواز,خرم آباد
چابهار,تهران,سیرجان,رامسر,اصفهان
ارومیه,نشتارود,تهران,تبریز,پیرانشهر
امیدیه,املش,آمل,فرودگاه امام خمینی,رامسر
دزفول,اندیمشک,کرمانشاه,اراک,اهواز
تهران,جیرفت,آمل,اصفهان,رشت
دزفول,دامغان,داراب,دورود,دهدشت
عباس آباد,بندرعباس,مشهد,تهران,اصفهان
کاشان,اصفهان,تهران,آمل,زنجان
قائم شهر,ساری,گرگان,تهران,آمل
تبریز,تهران,همدان,تکاب,شاهین دژ
ماهشهر,ماکو,ماسال,کرمان,کرمانشاه
نهاوند,تهران,اصفهان,مشهد,شیراز
دزفول,اندیمشک,کرمانشاه,تهران,اصفهان
جهرم,تهران,اصفهان,مشهد,شیراز
تربت حیدریه,تربت جام,بیرجند,قم - پایانه فدک,کاشمر
پایانه مرزی مهران,پایانه صفه,پایانه فدک,پایانه غرب,پایانه بیهقی
لنگرود,رشت,تهران,اصفهان,مشهد
بوکان,بانه,ارومیه,سقز,تهران
پایانه بیهقی,تهران,اصفهان,مشهد,شیراز
قائم شهر,ساری,گرگان,بندرعباس,شیراز
خرم آباد,اصفهان,ساری,بروجرد,دورود
بجنورد,مشهد,آبادان,تهران,اصفهان
اصفهان,تهران,مشهد,شیراز,یزد
تبریز,تهران,همدان,شاهین دژ,رشت
کنگان,بندر کنگان,تهران,اصفهان,مشهد
بهبهان,شیراز,اهواز,تهران,اصفهان
تنکابن,تهران,ساری,رامسر,سایر
نجف آباد,نجف (عراق),تهران,اصفهان,مشهد
اردبیل,رشت,تهران,تبریز,ساری
شیراز,مشهد,شیروان,شیرگاه,همدان
کازرون,شیراز,تهران,اصفهان,مشهد
دهدشت,عسلویه,بهبهان,تهران,اصفهان
گناباد,گناوه,بندر گناوه,مشهد,اندیمشک
بندر انزلی,بندر ترکمن,لنگرود,تهران,اصفهان
سنندج,سنقر,رفسنجان,ممسنی,کرمانشاه
محلات,قم,خمین,اراک,تهران
شوشتر,شوش,اهواز,تهران,اصفهان
کوهدشت,ماکو,ابرکوه,سوادکوه,فیروزکوه
نهاوند,نهبندان,تهران,میانه,بانه
ایرانشهر,ایلام,ایذه,ایوان,ایروان (ارمنستان)
مسجد سلیمان,مسجدسلیمان,رامسر,گرمسار,ممسنی
شاهین شهر,شاهین دژ,اصفهان,بهبهان,میاندوآب
یاسوج,یزد,بوشهر,نهاوند,عسلويه
چالوس,ساری,چابهار,رشت,تهران
لاهیجان,تهران,اصفهان,مشهد,شیراز
داراب,اصفهان,شیراز,تهران,مشهد
اردبیل,تهران,رشت,تبریز,ارومیه
بیرجند,بندرعباس,اصفهان,مشهد,تهران
ساری,اصفهان,گرگان,محمودآباد,بابل
سمنان,تهران,اصفهان,کرمانشاه,سنندج
لامرد,تهران,اصفهان,مشهد,شیراز
بیرجند,بیجار,بیرم,اردبیل,آبیک
اصفهان,تهران,یزد,نوشهر,میبد
محمودآباد,ساری,تهران,اصفهان,مشهد
فرودگاه امام خمینی,تهران,قم,اصفهان,مشهد
پایانه مرزی مهران,پایانه صفه,پایانه فدک,پایانه غرب,پایانه بیهقی
ابهر,چابهار,چذابه,قزوین,تهران
رویان,بشرویه,آمل,نور,ساری
مراغه,میاندوآب,کرمانشاه,تهران,اصفهان
چابهار,سیرجان,تهران,اصفهان,مشهد
ایرانشهر,تهران,اصفهان,مشهد,شیراز
ایلام,تهران,مهران,کرمانشاه,اصفهان
بوشهر,بندرعباس,شیراز,اصفهان,تهران
پایانه مرزی مهران,پایانه صفه,پایانه فدک,پایانه غرب,پایانه بیهقی
یزد,یاسوج,تهران,اصفهان,شیراز
قاینات,قایمیه,قائم شهر,قائن,ساری
ساوه,ساوجبلاغ,تهران,اراک,قم
گیلانغرب,رشت,اردبیل,فومن,لاهیجان
شیراز,شیروان,شیرگاه,تهران,اصفهان
قم,قزوین,قائم شهر,قشم,قائن
ملایر,همدان,تهران,کرمانشاه,قم
ملایر,آمل,املش,همدان,تهران
زاهدان,تهران,اصفهان,مشهد,شیراز
اصفهان,تهران,یزد,دامغان,میبد
اهواز - پایانه تپه,عسلویه,تهران,اصفهان,مشهد
بروجرد,بروجن,شهرکرد,بوشهر,شیراز
بجنورد,مشهد,آبادان,تهران,اصفهان
خمین,خمینی شهر,فرودگاه امام خمینی,الیگودرز,اصفهان
گرگان,گنبد کاووس,گناباد,گلپایگان,گناوه
ماسال,سلماس,بندر انزلی,رشت,تهران
تهران,رامسر,شیراز,رامهرمز,اراک
مهاباد,تبریز,تهران,اصفهان,مشهد
سبزوار,نیشابور,تهران,اصفهان,مشهد
استانبول (ترکیه),استهبان,آستارا,شاهرود,شیراز
زاهدان,یزد,تهران,اصفهان,مشهد
استانبول (ترکیه),آستارا,شاهرود,رشت,تهران
چابهار,چالوس,چغادک,چذابه,بوشهر
فولادشهر,فومن,دزفول,اصفهان,رشت
دامغان,سمنان,کاشان,تهران,اصفهان
مهاباد,تبریز,تهران,اصفهان,مشهد
تنکابن,تهران,ساری,رشت,سایر
بندرعباس,بندر انزلی,بندر لنگه,بندر ترکمن,بندر کنگان
اصفهان,تهران,یزد,دامغان,میبد
کلاچای,کلاله,کلاردشت,سیاهکلا,رودسر
جهرم,تهران,اصفهان,مشهد,شیراز
شهرکرد,مشهد,شهرضا,شهربابک,شهریار
اصفهان,تهران,یزد,شاهین شهر,شیراز
قم,تهران,اصفهان,همدان,مشهد
شهرکرد,شهرضا,شهربابک,شهریار,شهر قدس
مهران,پایانه مرزی مهران,کرمانشاه,ایلام,تهران
همدان,تهران,بوشهر,شیراز,اصفهان
رفسنجان,کرمان,جیرفت,آستانه اشرفیه,یزد
لنگرود,بندر لنگه,رشت,بندرعباس,لاهیجان
زاهدان,تهران,اصفهان,مشهد,شیراز
آبادان,بندرعباس,شیراز,همدان,شاهین شهر
بیرجند,بندرعباس,مشهد,تهران,اصفهان
اهواز,تهران,رشت,شیراز,اصفهان
آبادان,آباده,خرم آباد,نجف آباد,محمودآباد
سقز,کرج,تهران,اصفهان,مشهد
بندرعباس,بندر انزلی,بندر لنگه,بندر کنگان,بناب
نوشهر,رویان,تهران,اصفهان,مشهد
عسلویه,عسلويه,شیراز,اصفهان,بندرعباس
گرمسار,گرمی,سمنان,تهران - پایانه جنوب,اردبیل
مراغه,مرند,مریوان,مرزن آباد,مرودشت
تنکابن,تهران,ساری,رامسر,رشت
دورود,خرم آباد,تهران,اصفهان,مشهد
شیراز,ازنا,اهواز,کازرون,برازجان
مهاباد,تبریز,تهران,اصفهان,مشهد
کرمان,کرمانشاه,همدان,شیراز,ایلام
بندر لنگه,تهران,اصفهان,مشهد,شیراز
ایرانشهر,ایلام,ایذه,ایوان,ایروان (ارمنستان)
بهشهر,ساری,تهران,اصفهان,مشهد
کهنوج,تهران,اصفهان,مشهد,شیراز
ماهشهر,اهواز,آبادان,تهران,همدان
تهران,بندرعباس,یزد,اصفهان,مشهد
شهرکرد,اصفهان,مهران,سیرجان,اهواز
رشت,رامسر,رودسر,رفسنجان,رویان
آبادان,شیراز,بندرعباس,شاهین شهر,تهران
شیراز,شهرکرد,شاهرود,شاهین شهر,شهرضا
لاهیجان,رشت,فومن,تهران,اصفهان
کنگان,کنگاور,بندر کنگان,تهران,اصفهان
تهران,آمل,اصفهان,رشت,کنارتخته
آبادان,آباده,آبدانان,آبیک,خرم آباد
اسفراین,مشهد,تهران,اصفهان,شیراز
کنگان,کنگاور,کنارک,کنارتخته,برداسکن
لاهیجان,تهران,فومن,رشت,اصفهان
آبادان,آمل,آباده,آستارا,آذرشهر
نوشهر,نور,نورآباد,نورآباد (لرستان),نوک آباد
کرمان,کرمانشاه,رفسنجان,همدان,تهران
تربت حیدریه,تربت جام,بیرجند,کاشمر,تهران
بجنورد,مشهد,آبادان,تهران,اصفهان
جهرم,تهران,اصفهان,مشهد,شیراز
نیشابور,بابل,مشهد,شیراز,تهران
مشهد,ماهشهر,ملایر,میبد,مهاباد
اهواز,سبزوار,خوانسار,مریوان,سراوان
گیلانغرب,مشگین شهر,کهگیلویه,کرج,اردبیل
شهرک,شهرکرد,اصفهان,مهران,سیرجان
چالوس,رشت,ساری,تهران,اصفهان
خرمشهر,شیراز,تهران,اصفهان,مشهد
فرودگاه امام خمینی,فردوس,فریدون کنار,فریدون شهر,فریدن
قشم,بندرعباس,پارسیان,تبریز,شیراز
بندرعباس,بندر انزلی,بندر لنگه,بندر ترکمن,بندر کنگان
اردکان,نائین,اصفهان,تهران,مشهد
تهران,اصفهان,مشهد,شیراز,یزد
اندیمشک,اهواز,تهران,خرم آباد,اصفهان
بندرعباس,درگز,دره‌شهر,درگهان,بندر انزلی
اراک,تهران,همدان,کمیجان,قم
گلپایگان,گرگان,سلطان آباد,کرمان,بهشهر
یزد,یاسوج,تهران,اصفهان,شیراز
محمودآباد,ساری,قم,تهران,اصفهان
کرمانشاه,رودسر,مشهد,کرج,تهران
فولادشهر,اصفهان,تهران,مشهد,شیراز
لاهیجان,لامرد,لنگرود,لار,لردگان
مشهد,تهران,اصفهان,قم,کرج
گچساران,بهبهان,سایر,اهواز,یاسوج
فسا,شیراز,عسلويه,تهران,اصفهان
بندرعباس,تبریز,تهران,اصفهان,مشهد
کرج,تهران,البرز,قائم شهر,چالوس
لنگرود,رشت,تهران,اصفهان,مشهد
خرمشهر,شیراز,آبادان,اصفهان,تهران
ایذه,تهران,اصفهان,مشهد,شیراز
زابل,زاهدان,اصفهان,تهران,مشهد
نیشابور,بابل,مشهد,تهران,اصفهان
شاهرود,سمنان,تهران,کاشان,دامغان
سبزوار,نیشابور,تهران,اصفهان,مشهد
سیرجان,سیاهکلا,پارسیان,نسيم شهر,شیراز
بندرعباس,بوشهر,بابل,بروجرد,بابلسر
پارسیان,پارس آباد,پاوه,پایانه مرزی مهران,پایانه صفه
ساری,خوانسار,گچساران,گرمسار,کرج
بندر انزلی,ماهشهر,تهران,عسلویه,اصفهان
رفسنجان,کرمان,اصفهان,تهران,مشهد
تهران,اصفهان,آمل,رشت,قم
مریوان,سقز,تهران,اصفهان,مشهد
اهواز,تهران,اراک,اصفهان,شیراز
آباده,تهران,اصفهان,مشهد,شیراز
نهاوند,تهران,اصفهان,مشهد,شیراز
الیگودرز,الشتر,البرز,تهران,چالوس
زنجان,قزوین,تهران,مشهد,رشت
آبادان,آباده,خرم آباد,نجف آباد,محمودآباد
بابل,بابلسر,علی آباد بابلسر,ساری,تهران
گنبد کاووس,گرگان,تبریز,تهران,اصفهان
اردکان,نائین,تهران,ایرانشهر,اصفهان
تفرش,تفلیس (گرجستان),تهران,اصفهان,مشهد
قائم شهر,ساری,گرگان,آمل,تهران
شاهرود,تهران,سمنان,بابل,دامغان
سیرجان,کرمان,عسلویه,تهران,گرگان
رامسر,گرگان,بجنورد,تهران,اصفهان
سیرجان,کرمان,قائم شهر,عسلویه,تهران
نیشابور,مشهد,بابل,تهران,اصفهان
تهران,تبریز,تنکابن,تربت حیدریه,تفرش
اصفهان,تهران,یزد,دامغان,میبد
مهران,پایانه مرزی مهران,رامهرمز,کرمانشاه,ایلام
سیرجان,تهران,گرگان,کرمان,قائم شهر
خرمشهر,شیراز,اصفهان,تهران,مشهد
ارومیه,تهران,کرج,تبریز,اصفهان
خوی,خوانسار,خواف,خور,خورموج
تاکستان,قزوین,تهران,اصفهان,مشهد
زاهدان,تهران,اصفهان,مشهد,شیراز
بوشهر,بوکان,بویراحمد,بوئین زهرا,بویین ومیاندشت
شیراز,تهران,اصفهان,گلپایگان,لار
فردوس,فرودگاه امام خمینی,فولادشهر,فومن,فریدون کنار
ماهشهر,اهواز,آبادان,همدان,تهران
بندر انزلی,لنگرود,بندر ترکمن,رودسر,رشت
نوشهر,نجف آباد,نور,نهاوند,نیشابور
خرم آباد,خرمشهر,کرج,اراک,اهواز
آنکارا (ترکیه),شیراز - پایانه کاراندیش,کازرون,اقلید,مشهد
تهران,اصفهان,آمل,رشت,تبریز
اصفهان,اراک,اهواز,ارومیه,تهران
شیراز,اصفهان,تهران,کرمانشاه,قم
آبادان,آمل,آباده,آستارا,آذرشهر
بندر انزلی,لنگرود,رودسر,رشت,تهران
گرگان,گرمسار,گراش,گرمی,تفلیس (گرجستان)
پارسیان,پارس آباد,ترابزون (ترکیه),تهران,اصفهان
قم,قزوین,قائم شهر,قشم,قائن
الیگودرز,گالیکش,اهواز,تهران,اصفهان
آستارا,آستانه اشرفیه,لاهیجان,رشت,تهران
قزوین,سقز,همدان,تهران,کرج
اندیمشک,اهواز,تهران,خرم آباد,اصفهان
قزوین,همدان,تهران,سایر,کرج
زاهدان,زابل,آزادشهر,اصفهان,آذرشهر
اصفهان,تهران,یزد,نوشهر,میبد
زنجان,تهران,رشت,اهواز,تبریز
آستارا,آستانه اشرفیه,لاهیجان,رشت,تهران
بروجرد,شیراز,اهواز,خرم آباد,تهران
شهرضا,تهران,شیراز,اصفهان,مشهد
ایلام,کرمانشاه,تهران - پایانه جنوب,مهران,اصفهان
دلیجان,اراک,تهران,ساوه,اصفهان
استانبول (ترکیه),بندرعباس,اسلامشهر,اسفراین,اسلام آباد غرب
رشت,تفرش,آذرشهر,رودسر,تهران
یاسوج,بوشهر,شیراز,اهواز,نهاوند
سنندج,سقز,کرمانشاه,تهران,اصفهان
رامسر,رامهرمز,بجنورد,تهران,اصفهان
بندرعباس,تهران,کنگان,تبریز,اصفهان
شیراز,تهران,اصفهان,گلپایگان,لار
لامرد,تهران,اصفهان,مشهد,شیراز
رامسر,بجنورد,تهران,اصفهان,مشهد
فریدون شهر,فریدون کنار,فریدن,دهق,ساری
اندیمشک,اندیشه,میاندوآب,شاندرمن,بویین ومیاندشت
اهواز,اهر,کرمانشاه,زاهدان,شاهین شهر
رودسر,رویان,رودبار,رودان,ارومیه
اردبیل,اردکان,اردستان,کلاردشت,اصفهان
تهران,آمل,اصفهان,رشت,کنارتخته
آمل,ساری,بابل,رشت,گرگان
تربت حیدریه,تربت جام,ترابزون (ترکیه),شوشتر,استانبول (ترکیه)
خرم آباد,خوی,خرمشهر,خمین,خوانسار
بهشهر,تهران,اصفهان,مشهد,شیراز
کهنوج,کهگیلویه,مبارکه,کرج,عسلویه
طبس,مشهد,سمنان,تهران,اصفهان
نهاوند,تهران,اصفهان,مشهد,شیراز
بابلسر,علی آباد بابلسر,بابل,قم,تهران
تبریز,تهران,همدان,تکاب,شاهین دژ
کیاشهر,استانبول (ترکیه),آنکارا (ترکیه),ارزروم (ترکیه),ترابزون (ترکیه)
سراوان,سربندر,سرایان,سراب,سرچم
تهران,بندرعباس,یزد,اصفهان,مشهد
رفسنجان,کرمان,اصفهان,تهران,مشهد
ابهر,آبادان,ابرکوه,بابل,چابهار
رودسر,رشت,رامسر,تهران,اصفهان
مشهد,تهران,خرمشهر,اصفهان,اسلامشهر
نور,نورآباد,نورآباد (لرستان),نوردوز,نورآباد (فارس)
گرگان,تهران,اصفهان,مشهد,شیراز
قشم,کاشمر,چالوس,سمنان,ساری
نوشهر,رویان,چالوس,تهران,اصفهان
تنکابن,تهران,ساری,رامسر,رشت
اهواز,تهران,اصفهان,رشت,شیراز
یزد,تبریز,تهران,نی‌ریز,اصفهان
کرج,کرمان,کرمانشاه,تهران,شیراز
بوکان,بانه,ارومیه,سقز,تبریز
داراب,شیراز,خوانسار,اصفهان,یزد
آبادان,شیراز,تهران,اصفهان,مشهد
